{
  "delay_times": [
    6433,
    4579,
    11649,
    2737,
    6789,
    4931,
    4269,
    9198
  ],
  "damping_coeffs": [
    0.27049012184291776,
    0.7569599569396755,
    0.5605150373681299,
    0.5692519188387396,
    0.3189322089044109,
    0.7158211113520078,
    0.18536461707861185,
    0.055152358242438686
  ],
  "feedback_gain": 0.4407565471117661,
  "input_gains": [
    0.26978602594668677,
    0.24591761867278977,
    0.34107872961359786,
    0.11676805310987833,
    0.1437846177230974,
    0.18177699524109694,
    0.29561898079693916,
    0.41090051785716025
  ],
  "output_gains": [
    0.8186161677419895,
    0.3273453505374071,
    1.37734493143801,
    0.7544467969678103,
    1.1693162714699832,
    1.4936416442572156,
    0.3503598045093946,
    0.4764324935964285
  ],
  "pre_delay": 3257,
  "diffusion": 0.3146379198734489,
  "diffusion_stages": 4,
  "diffusion_delays": [
    233,
    349,
    516,
    710
  ],
  "wet_dry": 0.30950042798136257,
  "saturation": 0.8465874673922097,
  "matrix_type": "custom",
  "matrix_seed": 42,
  "node_pans": [
    -0.3851734022819004,
    0.9454893523676317,
    0.767620738764626,
    -0.9081652224904203,
    0.35884260255318284,
    0.22202761754850303,
    -0.8813560230065236,
    0.8777075203259378
  ],
  "stereo_width": 0.4724758530788463,
  "matrix_custom": [
    [
      0.525969485014248,
      -1.0757643682998483,
      -0.41527734887828194,
      -1.7436285456773586,
      -0.1845450538873048,
      -0.8808625204420887,
      -0.5729131437043743,
      0.7167693927854559
    ],
    [
      0.2709309701658995,
      1.020553020738828,
      -0.2869334826746277,
      2.0042966044150283,
      -1.0080388897574035,
      0.16963887811174735,
      -0.6729370408727496,
      -0.5238914492913604
    ],
    [
      -0.3810638159207761,
      0.03885578554232471,
      0.7151450281106501,
      0.6553553674658558,
      0.1554618679821532,
      0.399974681544074,
      -0.0666060849239077,
      -1.8831370776039051
    ],
    [
      -0.9786473361202165,
      2.267028519833551,
      0.044565578394924386,
      0.29285174539915737,
      0.6443430420536269,
      -0.26371304812940927,
      0.11867143971213606,
      -0.8879184857047566
    ],
    [
      0.583033666395446,
      0.640022898010517,
      -2.121256324626567,
      -0.5573392706778563,
      -0.6626456750900318,
      -0.12397633564180496,
      -0.5141817071075497,
      0.6977968525893976
    ],
    [
      -0.5654499639618454,
      -0.4059973528575482,
      -0.353837408028977,
      -0.7637221613695925,
      -0.4381457232317465,
      -0.635426520274438,
      -0.3322567298223008,
      -0.3821001691803866
    ],
    [
      0.17626384679911286,
      -1.2886932853056847,
      0.3175842678481331,
      1.6352640854376306,
      -0.3619108825997128,
      2.4937279239773646,
      0.7986417420933698,
      -0.28693543475136163
    ],
    [
      -0.4147265606501383,
      -0.003084348739261169,
      -1.2088840646155214,
      0.3155096983362951,
      0.5563712937779743,
      -0.038866081259328125,
      0.03983543730107984,
      0.9444201658373401
    ]
  ],
  "_meta": {
    "category": "ML Generated",
    "description": "Generated variant 9 \u2014 algorithmic discovery"
  }
}
