{
  "delay_times": [
    6433,
    7731,
    11005,
    6987,
    5914,
    10739,
    11188,
    5280
  ],
  "damping_coeffs": [
    0.478455068848884,
    0.5885329784110561,
    0.20755810388873883,
    0.9685251639522524,
    0.024116490652000416,
    0.9003501872655286,
    0.2610971602455852,
    0.1944983463722818
  ],
  "feedback_gain": 0.35147795668837095,
  "input_gains": [
    0.053807353502423855,
    0.2177057776043346,
    0.09267689358999175,
    0.19731417392176143,
    0.24946774694518217,
    0.0496764041768129,
    0.28450656604385527,
    0.2834445714447729
  ],
  "output_gains": [
    1.6059590714973933,
    1.826948366417562,
    1.0889095996595552,
    1.899843434407379,
    1.213638676416107,
    1.416046532753264,
    0.12315740393835645,
    0.694824968773383
  ],
  "pre_delay": 723,
  "diffusion": 0.27856686992236473,
  "diffusion_stages": 4,
  "diffusion_delays": [
    233,
    349,
    516,
    710
  ],
  "wet_dry": 0.4863252328053312,
  "saturation": 0.7356038884725341,
  "matrix_type": "custom",
  "matrix_seed": 42,
  "node_pans": [
    -0.511429838927393,
    -0.1129744407754398,
    0.039612386600202616,
    0.47914249675696907,
    -0.8800531447674249,
    -0.8680811285620175,
    -0.6373908685817916,
    0.2312005854383117
  ],
  "stereo_width": 0.6002728312064851,
  "matrix_custom": [
    [
      0.07886392902684893,
      1.1397154275311652,
      0.13037936611237316,
      -1.0761148103115248,
      -1.0557196667043076,
      1.449208332110938,
      0.11700736030995418,
      0.37788392620427297
    ],
    [
      1.092389228556753,
      -0.30241169245495,
      -1.7953891067575345,
      -0.3448287132096957,
      -0.18116605565096633,
      1.10856994421109,
      -0.8346040774664983,
      0.9092367102713511
    ],
    [
      -0.3826841087865375,
      -0.23048149796537654,
      0.06350017326223054,
      0.580228248280402,
      -0.12550815733477239,
      1.2825897910043427,
      0.10334625195654275,
      -0.5638680530866892
    ],
    [
      0.8541177354641759,
      0.6320746918280071,
      -0.20936177139753037,
      -0.3165372148677968,
      0.8905213994386995,
      -0.3296400553510422,
      -1.0091506837825206,
      -0.09545847685782936
    ],
    [
      -0.17280857620655837,
      -0.9696221078981081,
      0.17870173517970597,
      -0.1951080528107357,
      -0.8038848507050362,
      0.6430240084020868,
      -0.9791091642376024,
      0.7379001572343984
    ],
    [
      0.329787134642058,
      -0.3124496921835138,
      -0.19892065998307418,
      -0.0027305397767182224,
      -1.8993453368233078,
      0.03877027641487947,
      0.30416653912917124,
      0.19863804040406463
    ],
    [
      0.4835267718173991,
      0.8933528643639195,
      0.07109318939990183,
      1.178757124843302,
      -0.003508881139303765,
      -0.9296439778810184,
      -0.036979702484709366,
      0.3175168754664864
    ],
    [
      -0.47857704036033566,
      -0.43101765033411005,
      0.5064244734188896,
      0.28946322135452657,
      0.29859455586113137,
      -0.22449442265536826,
      0.3006447237153912,
      2.135145479370095
    ]
  ],
  "_meta": {
    "category": "ML Generated",
    "description": "Generated variant 10 \u2014 algorithmic discovery"
  }
}
