{
  "delay_times": [
    13016,
    3360,
    9649,
    757,
    2426,
    5576,
    8283,
    5086
  ],
  "damping_coeffs": [
    0.10687187394135791,
    0.5541632927383914,
    0.190971245553943,
    0.1195147100387522,
    0.6437160337459192,
    0.7244134796902977,
    0.5684653311079793,
    0.5998217821281354
  ],
  "feedback_gain": 0.3188682164229139,
  "input_gains": [
    0.06313940792693692,
    0.22075428409689357,
    0.3959053899974325,
    0.08275088977808835,
    0.3622266554030331,
    0.2806240954997577,
    0.06568702026377787,
    0.21683292375911276
  ],
  "output_gains": [
    0.9581259272073968,
    0.8724351366702842,
    1.131868176460976,
    1.7191283672938449,
    1.5306031356455518,
    1.9062821940658565,
    0.12709196530999464,
    0.6049306493315804
  ],
  "pre_delay": 632,
  "diffusion": 0.2369573462415967,
  "diffusion_stages": 4,
  "diffusion_delays": [
    233,
    349,
    516,
    710
  ],
  "wet_dry": 0.8906365609971965,
  "saturation": 0.5510647354348446,
  "matrix_type": "custom",
  "matrix_seed": 42,
  "node_pans": [
    0.9643593985597901,
    -0.2587629523844588,
    -0.6153187910937694,
    0.15539428562754132,
    0.14485948902577714,
    -0.6620211010127175,
    0.08707311966915109,
    -0.7118199024668719
  ],
  "stereo_width": 0.41958089020213474,
  "matrix_custom": [
    [
      -0.06142269560868211,
      -0.31041583554341906,
      0.3329650946896438,
      0.8989756095390369,
      -0.11697865297680085,
      0.8845546462383513,
      1.1504872626794331,
      0.2681055677377853
    ],
    [
      -0.40189710001031115,
      0.1374024308372177,
      -0.3960838076786171,
      0.18859070517764764,
      0.9730891143615406,
      0.3388605435230937,
      0.23880603658786725,
      0.3362542036193646
    ],
    [
      -1.7967124044570166,
      0.1820936251183672,
      0.6400421902577198,
      -0.7336213463662706,
      -0.35175240650878403,
      -0.8947823437971614,
      0.30493338440515727,
      -0.5374213947222031
    ],
    [
      -0.04844245553706006,
      -1.2950350328589149,
      -0.7528303658142658,
      0.01543089853420711,
      0.010624187492359995,
      0.11907095610647592,
      -0.0458724579997933,
      -0.08531061696684698
    ],
    [
      0.36461605742254943,
      0.04108750557684893,
      0.33089817141159633,
      0.9186621323822414,
      -0.05726478955559855,
      -0.3407615761561506,
      -0.2695220056957243,
      -1.889764652262717
    ],
    [
      -1.3734092842680152,
      0.022013201913864626,
      -0.04586133699801919,
      -0.7545511358887872,
      -0.07789424277776015,
      -0.09156559398509063,
      0.09378194422084718,
      0.9074789752234321
    ],
    [
      0.07083825661744002,
      0.10294470729880537,
      -1.879386347580979,
      -2.4220303030995556,
      -1.0199749834197755,
      1.430834078143427,
      1.1987587075340989,
      0.12612001041877818
    ],
    [
      0.4898756227202062,
      0.6132136852200439,
      -0.6327770620191758,
      -0.2281203781195235,
      -1.2471675523269365,
      -0.18433139339166046,
      -0.21665719561247623,
      1.1448979100140058
    ]
  ],
  "_meta": {
    "category": "ML Generated",
    "description": "Generated variant 5 \u2014 algorithmic discovery"
  }
}
