{
  "delay_times": [
    8213,
    8847,
    10095,
    2667,
    3778,
    8971,
    2831,
    6460
  ],
  "damping_coeffs": [
    0.48764612509667454,
    0.6582606574115394,
    0.1693196428615801,
    0.17385126604048828,
    0.04547292360773023,
    0.7936464218872126,
    0.10968814226372828,
    0.7891526139290824
  ],
  "feedback_gain": 0.3611480425242783,
  "input_gains": [
    0.40226836004071437,
    0.17339311427866083,
    0.02979296345331857,
    0.06693916835108103,
    0.28889607125049055,
    0.02715901243837198,
    0.10877629809983744,
    0.41769080591457036
  ],
  "output_gains": [
    0.27090365257956295,
    1.794775175130337,
    0.37874586219727185,
    1.1623496928227761,
    1.134811785945977,
    0.38622845240445564,
    1.9565801194077697,
    0.9858348088476901
  ],
  "pre_delay": 3173,
  "diffusion": 0.40745598564595215,
  "diffusion_stages": 4,
  "diffusion_delays": [
    233,
    349,
    516,
    710
  ],
  "wet_dry": 0.8447174727266278,
  "saturation": 0.7511898858525095,
  "matrix_type": "custom",
  "matrix_seed": 42,
  "node_pans": [
    -0.5891335297736078,
    -0.6640271687773375,
    -0.5563399275479836,
    0.9235955991321259,
    -0.3293430105433647,
    0.9036056271157079,
    -0.11811268075898376,
    0.0633012113010924
  ],
  "stereo_width": 0.48848472028433254,
  "matrix_custom": [
    [
      0.10624620364278617,
      0.23696811875940313,
      -1.4994334826704137,
      0.2292043997987953,
      -1.5080224071639337,
      0.6349928982681514,
      -0.8746680618638814,
      1.0224397368740805
    ],
    [
      -0.5776025005384497,
      -0.0685038047436033,
      -0.054691021127554,
      0.7723625218365122,
      -1.560573351046414,
      0.9034230526539714,
      -0.517627676572478,
      -0.3625930069215253
    ],
    [
      1.0264461962305504,
      -0.07092442696872048,
      -0.17978633124467336,
      -0.08353108269813272,
      -0.610895198583778,
      0.3961653556524117,
      -0.24168913006513953,
      1.196529645313752
    ],
    [
      -0.25858832359625644,
      -0.8092870966633271,
      -0.6989511908212787,
      -0.7063342929854263,
      -0.4660010464722416,
      0.26729032933043606,
      -1.0953051634301803,
      0.29685670663282365
    ],
    [
      0.08406098330436707,
      0.960029934100694,
      0.41601741539493486,
      0.9698031180434974,
      -0.6850057181407658,
      1.1396863368362968,
      0.4841444055140072,
      0.539180138457307
    ],
    [
      -2.437583832916344,
      2.210001576842926,
      0.2663303264164373,
      -0.900867217567487,
      0.9376266598507382,
      1.3007537131014002,
      -0.3185318843066556,
      0.5458105644584167
    ],
    [
      -0.36640085207754364,
      0.18699501523599468,
      -0.8122198142509203,
      1.2469149745358314,
      -0.5973587969662647,
      -0.13049999143275584,
      0.5235468813499321,
      0.9364681038399686
    ],
    [
      -0.939433853186064,
      -0.6601437320158287,
      -0.6360593639450229,
      1.0126795334867011,
      0.6126032564658861,
      -0.00528422969724654,
      1.331584108156061,
      0.46428908293973925
    ]
  ],
  "_meta": {
    "category": "ML Generated",
    "description": "Generated variant 14 \u2014 algorithmic discovery"
  }
}
