{
  "delay_times": [
    10588,
    12902,
    10357,
    10513,
    1081,
    1021,
    9520,
    9231
  ],
  "damping_coeffs": [
    0.9500402675791765,
    0.5686581361186418,
    0.5038286505196167,
    0.06560659763326493,
    0.13412934784749708,
    0.7040667472733043,
    0.13660255787789163,
    0.31000656576858965
  ],
  "feedback_gain": 0.34859152099142743,
  "input_gains": [
    0.2858283455219089,
    0.33651006159294056,
    0.09745603242197552,
    0.03676603359089233,
    0.09085502348558544,
    0.013271685780356481,
    0.469424165154402,
    0.14217273225295113
  ],
  "output_gains": [
    1.0584337814840001,
    0.7321394003886079,
    1.6193405932921414,
    1.0457392324254655,
    1.4983003426329342,
    1.4805435419277675,
    1.9168480163740618,
    1.5931213630301428
  ],
  "pre_delay": 5555,
  "diffusion": 0.08981629447047378,
  "diffusion_stages": 4,
  "diffusion_delays": [
    233,
    349,
    516,
    710
  ],
  "wet_dry": 0.3199995776640279,
  "saturation": 0.30583544656381023,
  "matrix_type": "custom",
  "matrix_seed": 42,
  "node_pans": [
    0.1871945070736653,
    0.08492080828745718,
    0.7872587469164343,
    0.2251505655125012,
    0.45786833761675017,
    0.7369476747086386,
    0.453634374037561,
    0.8970874806523913
  ],
  "stereo_width": 0.4227907478338416,
  "matrix_custom": [
    [
      -0.3768389059663437,
      -1.105831557025589,
      1.2279072327901557,
      1.364188344983511,
      0.6878976459296573,
      0.18200973466408632,
      1.0843884639609875,
      -0.9227831233858438
    ],
    [
      0.853222464797821,
      1.3219091932145073,
      -0.4503333540848224,
      -0.23799329050298365,
      -0.08054550288806361,
      -0.08496685858037109,
      2.472762958934042,
      -0.07103424595629737
    ],
    [
      -0.3712202537760647,
      -0.06336755410209294,
      -0.7113688131685674,
      -0.26611943207207217,
      -1.120374057752171,
      0.09642275302776546,
      0.2994764364074761,
      -0.8683595514478784
    ],
    [
      -0.07915908502626963,
      -0.6007936403637653,
      0.6158685816422939,
      0.24862268619996247,
      -0.12714910751348066,
      -0.7959839558572828,
      -1.175140276362184,
      -0.27454729985158816
    ],
    [
      -0.8420902677180775,
      0.10465752918137394,
      -0.02269776165361666,
      -0.49163868672458916,
      0.17521682464860777,
      0.24784472956899367,
      0.11362036816815713,
      -0.3481133524088948
    ],
    [
      0.2353689991386963,
      0.13609938945572578,
      0.7580017392091545,
      -1.4664543819575044,
      0.22102843320828824,
      -0.3562267940494427,
      -0.027205423582810535,
      -0.5733380727130307
    ],
    [
      0.3898344569206593,
      0.8689048585452378,
      0.47485547810912704,
      -0.29492160846759324,
      0.024685637065036008,
      1.3781381568080064,
      -0.2533862173342675,
      0.7664566251558529
    ],
    [
      0.2950231246721825,
      -1.1512839526719885,
      -0.9574251782902437,
      1.18263059459787,
      -0.01766394311293253,
      1.0518862607151436,
      -0.1807347966343354,
      -0.30845552064551257
    ]
  ],
  "_meta": {
    "category": "ML Generated",
    "description": "Generated variant 11 \u2014 algorithmic discovery"
  }
}
