{
  "delay_times": [
    10002,
    9280,
    887,
    11909,
    9646,
    1054,
    4250,
    5126
  ],
  "damping_coeffs": [
    0.8568092825808745,
    0.0492978423856193,
    0.9227546887194409,
    0.10980804747806419,
    0.15516547270713102,
    0.1496569258518024,
    0.17738923670425855,
    0.7132528995055262
  ],
  "feedback_gain": 0.3000303719286568,
  "input_gains": [
    0.07174543764374743,
    0.13691486345300302,
    0.07306652194739287,
    0.06615525137847733,
    0.2995036992597601,
    0.046052442080043984,
    0.29589185090649534,
    0.35591372593444165
  ],
  "output_gains": [
    1.3926414542495302,
    0.5161362857031446,
    1.5937659324051932,
    1.0000395167326388,
    0.8522426515453791,
    0.10670082728593291,
    0.47728689150822023,
    1.234663818872738
  ],
  "pre_delay": 2522,
  "diffusion": 0.43949091631112286,
  "diffusion_stages": 4,
  "diffusion_delays": [
    233,
    349,
    516,
    710
  ],
  "wet_dry": 0.5905960098642878,
  "saturation": 0.24198141646919227,
  "matrix_type": "custom",
  "matrix_seed": 42,
  "node_pans": [
    -0.5268725564720075,
    -0.46082496561541986,
    -0.517448836523848,
    0.8595183251209354,
    -0.49912790016850317,
    -0.6952219363646959,
    -0.010261153623235163,
    -0.32559010006686834
  ],
  "stereo_width": 0.637798518828489,
  "matrix_custom": [
    [
      0.14807618291943617,
      -0.7128194558038906,
      0.30084029322413786,
      -0.14653302907267235,
      0.5636276862829905,
      -0.7619288884339205,
      -0.1587773087141399,
      0.2098364273648895
    ],
    [
      -1.562977814636269,
      0.6774453371880469,
      -0.7110252487266361,
      -0.5338329760209286,
      0.3048979148769181,
      0.028070246048758567,
      0.8830932737662717,
      -0.846764515469398
    ],
    [
      -0.3656717332373926,
      0.1906005703059874,
      0.2049651172920566,
      0.3057488180023137,
      0.3298963006067434,
      0.6969043822124878,
      0.10196007165230583,
      0.40302084706517916
    ],
    [
      1.2014845652381574,
      0.694988690168958,
      -0.08589333821269848,
      -0.37936748223835176,
      -0.18338699428521033,
      0.010753922281155057,
      0.37840833340281593,
      0.9969290377939676
    ],
    [
      0.21512877754826817,
      1.8516650555328766,
      0.07429519944185212,
      -0.12072276116587118,
      -0.6825238493092819,
      -1.7796595944757898,
      0.5799473964028689,
      0.6876112001851616
    ],
    [
      -1.642240499212584,
      0.2948868245088315,
      -0.17172929105850065,
      2.168064845360067,
      0.07159050434591782,
      -1.1880021104142267,
      0.14827966882786217,
      -1.4471348713310603
    ],
    [
      -0.7479748802320516,
      2.0973725300817883,
      1.3049247743548629,
      0.23882039782451298,
      -0.2363497975537544,
      0.5015309406696341,
      -0.36010170109416184,
      0.3708313089779138
    ],
    [
      -0.9773654581580713,
      0.5118725373323967,
      0.5119381989198963,
      0.38962069585963194,
      0.014586876541943863,
      0.3529265743259378,
      0.18001249620825857,
      -0.5733930977883467
    ]
  ],
  "_meta": {
    "category": "ML Generated",
    "description": "Generated variant 7 \u2014 algorithmic discovery"
  }
}
