{
  "delay_times": [
    11821,
    7699,
    4141,
    7379,
    4059,
    8650,
    9908,
    7362
  ],
  "damping_coeffs": [
    0.2031078743877318,
    0.8197598771452203,
    0.5998276648734355,
    0.6382502418846673,
    0.8255113947450773,
    0.6705959699188253,
    0.20044436168830104,
    0.22729557043658938
  ],
  "feedback_gain": 0.14135680614324264,
  "input_gains": [
    0.15567359226346997,
    0.2732622845178758,
    0.3916388816938055,
    0.11635177102957354,
    0.37445998924557516,
    0.31034418026050103,
    0.24572235369933126,
    0.20629588991723583
  ],
  "output_gains": [
    0.6394951985924643,
    0.9088129921033399,
    1.3785148746205345,
    0.4702279839087207,
    0.9721103927357129,
    0.5985527383331227,
    1.0161470366371388,
    0.08474407080112055
  ],
  "pre_delay": 1190,
  "diffusion": 0.3848702952189201,
  "diffusion_stages": 4,
  "diffusion_delays": [
    233,
    349,
    516,
    710
  ],
  "wet_dry": 0.8248625049865688,
  "saturation": 0.11799154978157178,
  "matrix_type": "custom",
  "matrix_seed": 42,
  "node_pans": [
    0.8215954434012944,
    -0.570032169870107,
    -0.024228286156295277,
    0.8557710430207252,
    0.7701583914985167,
    0.42131024199466777,
    -0.5419007832967001,
    -0.8533927167395113
  ],
  "stereo_width": 0.7599776189718,
  "matrix_custom": [
    [
      -0.07886104981706869,
      -0.5166799508696995,
      1.0470581822198433,
      0.1807997507058257,
      0.03549482486373948,
      -0.06989616957710225,
      -0.6599106537829178,
      0.6686777269586173
    ],
    [
      0.141271342158766,
      0.16827423293566882,
      0.4568646558763854,
      0.05377033990968932,
      0.29360470028135865,
      0.6817597561153964,
      0.08875308231750395,
      -0.2684429193456555
    ],
    [
      -0.04268194088140398,
      0.5708685426669262,
      0.9648062645050361,
      1.4935767261140676,
      1.559799454469273,
      0.8936395284748505,
      -1.3045142441523891,
      0.5289027792988602
    ],
    [
      -0.3647998610461654,
      0.07226815824204515,
      1.411562045901213,
      0.5231974470534612,
      -0.2810179489869281,
      -0.4850001612771067,
      0.20915804051622489,
      0.08678982053439956
    ],
    [
      -0.5345638216895954,
      -0.7116436320272134,
      -2.0598234084774463,
      -0.23806075616459907,
      0.6250842531515469,
      -0.7635249403308169,
      -0.2867293724908508,
      -1.3598697683379735
    ],
    [
      -1.7795256073482406,
      0.0599468120451727,
      1.2853105816769541,
      -0.001526845042273078,
      -1.5255802947327868,
      -0.9948607658014074,
      0.18332857391567245,
      0.09516153162191324
    ],
    [
      0.3333777953607425,
      0.03338078611288806,
      -0.22785398827454817,
      1.282853045961512,
      -0.06623156720157083,
      0.6826714894270045,
      0.5706166686535741,
      -0.7180645444662227
    ],
    [
      0.35464730961290447,
      0.9902613304697128,
      0.1762343267698427,
      0.6166679747348567,
      1.8937087614976282,
      -0.6220955765015072,
      -0.545553229801455,
      1.0096691456301583
    ]
  ],
  "_meta": {
    "category": "ML Generated",
    "description": "Generated variant 8 \u2014 algorithmic discovery"
  }
}
