{
  "delay_times": [
    6401,
    2535,
    2323,
    4282,
    5413,
    6940,
    5742,
    12982
  ],
  "damping_coeffs": [
    0.4600053729903225,
    0.5324516113010324,
    0.573115074281601,
    0.37968708702951653,
    0.11191039658874519,
    0.5057170750712007,
    0.3764900806040471,
    0.08020510621997427
  ],
  "feedback_gain": 0.14877603338702783,
  "input_gains": [
    0.3129395929283733,
    0.08450362774444822,
    0.18305028723629338,
    0.26063405416060614,
    0.3340253129556112,
    0.11881126953201537,
    0.2746774588717004,
    0.07769257393093112
  ],
  "output_gains": [
    0.6351368490566086,
    0.7762465982142156,
    1.4591788070499017,
    0.9698146994963693,
    1.2894776545989994,
    0.14577865625482367,
    1.008893514875673,
    1.0389106515574644
  ],
  "pre_delay": 4220,
  "diffusion": 0.4011518898434162,
  "diffusion_stages": 4,
  "diffusion_delays": [
    233,
    349,
    516,
    710
  ],
  "wet_dry": 0.7601875980064903,
  "saturation": 0.5920065147878266,
  "matrix_type": "custom",
  "matrix_seed": 42,
  "node_pans": [
    -0.03887914359174574,
    -0.9632532493318093,
    0.21869749881960418,
    -0.11451233841792031,
    0.09774399394703032,
    0.6352589233812853,
    -0.4206815445960655,
    -0.32761027418789773
  ],
  "stereo_width": 0.5043737671708446,
  "matrix_custom": [
    [
      0.5159866124949258,
      -0.8009364869268383,
      0.038648254796820464,
      1.5932317279748331,
      0.3476048803906876,
      -0.354194219451203,
      -0.44896961028172755,
      0.22671506491044852
    ],
    [
      0.1809608279850826,
      0.5718277063492866,
      1.2479519093857454,
      1.3637999853782639,
      -0.5858577961870729,
      -0.18591317725601464,
      -0.9626329416718313,
      0.47461027563893715
    ],
    [
      -0.7696547908325567,
      1.2341663180168099,
      -0.22078233034963018,
      -1.0738292920418584,
      0.708530781493985,
      1.5002850840418986,
      -0.20398801439219552,
      -1.1334437942233608
    ],
    [
      1.075990605564183,
      0.4901383898675038,
      -0.13938131919000085,
      1.3168836705728832,
      -2.2007731935288373,
      0.5466438501829709,
      -0.39533934948719957,
      0.0005503241036287288
    ],
    [
      -1.1455667231842444,
      0.11897181557629125,
      -0.7804077300580395,
      -0.11421923658981448,
      0.09542284480365842,
      -0.20310381741451625,
      0.11064447329055759,
      0.5577591262219792
    ],
    [
      -0.12171612286684985,
      -0.33460747489485887,
      -0.03666761923981904,
      -1.6156360412419195,
      1.644596174797375,
      -0.1764976795211774,
      -0.27234586601249017,
      -0.20556727337961153
    ],
    [
      0.036100798533414115,
      -0.1362096210159376,
      -0.44519749431744204,
      0.906071973370173,
      0.022226674979016772,
      0.36049700365740805,
      0.6473432314926669,
      0.23205770741455525
    ],
    [
      0.7992192226522824,
      0.0535883364735048,
      -0.04055719605419329,
      -0.5326994931520804,
      -0.7957869337442987,
      0.7189047319161208,
      -1.5800885342137276,
      0.5888415252014051
    ]
  ],
  "_meta": {
    "category": "ML Generated",
    "description": "Generated variant 6 \u2014 algorithmic discovery"
  }
}
