{
  "delay_times": [
    7228,
    4312,
    816,
    4489,
    7649,
    795,
    2788,
    12939
  ],
  "damping_coeffs": [
    0.5911161528523883,
    0.0429666399612908,
    0.741386740406575,
    0.559150571373065,
    0.6771560618184945,
    0.34123492548744605,
    0.4326543135039393,
    0.30850190554263357
  ],
  "feedback_gain": 0.22709057018172654,
  "input_gains": [
    0.44775036305639837,
    0.3624177848004817,
    0.38177138518705117,
    0.23963432525091483,
    0.3005891300635111,
    0.233636147208971,
    0.4569255115429757,
    0.44544520252003317
  ],
  "output_gains": [
    0.9372714130599482,
    0.32172259048340224,
    1.58018435340284,
    0.2776552462567846,
    0.5773307888429109,
    1.1427937208703347,
    0.45866314266936437,
    0.7362465281501078
  ],
  "pre_delay": 4695,
  "diffusion": 0.39292310896985905,
  "diffusion_stages": 4,
  "diffusion_delays": [
    233,
    349,
    516,
    710
  ],
  "wet_dry": 0.6774430996055352,
  "saturation": 0.06666956141924789,
  "matrix_type": "custom",
  "matrix_seed": 42,
  "node_pans": [
    -0.6427459619096898,
    0.3552121339000631,
    -0.8717576735456501,
    -0.3610525194887975,
    -0.024475841765728083,
    0.9224303353692527,
    0.8374739956202115,
    -0.6887181346212446
  ],
  "stereo_width": 0.5574734107302846,
  "matrix_custom": [
    [
      2.138103044104422,
      0.07216438525805373,
      -1.6884483569124213,
      1.1507065384295976,
      -0.624121652235309,
      -0.9812069378602867,
      -0.15111937794333358,
      0.2676428745738537
    ],
    [
      -0.06839515175093257,
      -0.20113324165945912,
      -0.29589683951468515,
      -0.1548431894726467,
      0.12755673040886403,
      0.7766119133326442,
      0.22061446275890956,
      -0.42854982076504067
    ],
    [
      -0.2257696314503427,
      -1.2579693164066788,
      -0.8319233936166844,
      0.479532343681463,
      0.8641084190675555,
      -0.4568323885813318,
      0.7651703393958097,
      -1.7991492632967971
    ],
    [
      0.9010008613456475,
      1.5358783706068089,
      -0.45400809605639203,
      0.15378012960935422,
      -0.37471112962143377,
      -0.8306468842560568,
      1.1110969205157302,
      -0.009335454553923908
    ],
    [
      -0.3508181535590802,
      -0.27402027676497753,
      0.01307928122596583,
      -0.42044560752440774,
      -0.3832164285020655,
      0.0805347982061752,
      1.9712790962524085,
      0.6713138829890893
    ],
    [
      0.9361995107993947,
      1.1637680937740285,
      -0.5205346376718988,
      0.02968959866250174,
      -0.048366011284226344,
      -0.4822865767924101,
      0.11848658658491654,
      -0.3797374674946068
    ],
    [
      -0.03644634049732903,
      0.3892196418098677,
      -0.1708042903153246,
      -0.3564966091258039,
      0.9646084847472932,
      -0.6260360412153576,
      -1.010159097805546,
      -0.11108450165548647
    ],
    [
      -0.5239167250575213,
      0.07876984227429194,
      0.5150521731616367,
      -0.47990616258613755,
      -0.28491126017105417,
      -0.6060079589701356,
      0.15291076909699117,
      0.012396852101396186
    ]
  ],
  "_meta": {
    "category": "ML Generated",
    "description": "Generated variant 13 \u2014 algorithmic discovery"
  }
}
