{
  "delay_times": [
    7299,
    7949,
    5792,
    7554,
    13317,
    6555,
    3639,
    13085
  ],
  "damping_coeffs": [
    0.626684293712909,
    0.5788935973795686,
    0.11322308682255913,
    0.38599422802755995,
    0.25443615263734354,
    0.6567131112599207,
    0.3912199176489539,
    0.6269720446210599
  ],
  "feedback_gain": 0.36598172778043364,
  "input_gains": [
    0.31663512963566126,
    0.0781332054911278,
    0.0665926247710252,
    0.43789684460269185,
    0.1523932336960066,
    0.11881371298590963,
    0.2852145371525876,
    0.4845523481607745
  ],
  "output_gains": [
    1.4361925589001907,
    1.7658819205724696,
    1.313615448064134,
    1.6587780673201606,
    1.7355155914428757,
    1.875112713122956,
    0.27640861417813994,
    1.8701736899628896
  ],
  "pre_delay": 5422,
  "diffusion": 0.38172774732627995,
  "diffusion_stages": 4,
  "diffusion_delays": [
    233,
    349,
    516,
    710
  ],
  "wet_dry": 0.5596433119548808,
  "saturation": 0.6399440064244071,
  "matrix_type": "custom",
  "matrix_seed": 42,
  "node_pans": [
    -0.783940962688974,
    0.11399557621756867,
    -0.8280840736292391,
    0.9726134838238142,
    -0.7155227312581472,
    0.9503649547344654,
    -0.42648310401422984,
    -0.5587280621229745
  ],
  "stereo_width": 0.9210393195910209,
  "matrix_custom": [
    [
      0.5504267949258629,
      0.5889931412235702,
      0.10414346902619596,
      0.05834566565160105,
      0.1738272203005815,
      -0.681662619935915,
      -0.5505345975982213,
      -0.4354203202524343
    ],
    [
      -1.1654660912913823,
      -2.3392540389196856,
      0.8897445438030767,
      -0.23727014795064164,
      0.677735862099381,
      -0.009869797789092001,
      -0.4724354832157333,
      0.7134452850245261
    ],
    [
      0.9356206589725384,
      0.7038498875506849,
      0.06465296223890603,
      -0.25361633485079327,
      0.8885714169603742,
      -0.08747408054153945,
      0.6690945981959674,
      0.17913049548126028
    ],
    [
      -0.1973291288956953,
      -0.7989538012264226,
      -0.03484725047314978,
      -0.5261150590516861,
      -1.6160625511412106,
      -0.11941473203978199,
      1.969412850729071,
      -0.38159239216107416
    ],
    [
      0.44128704307049804,
      0.953108672575538,
      -1.03529363820019,
      -1.09574695544823,
      -0.9559912748667372,
      -0.4782579126012947,
      -1.0004671009288564,
      -0.06933418908929602
    ],
    [
      -2.0708034903108525,
      -0.08843775989666154,
      0.36509470360133095,
      -0.38036394650291294,
      -0.4995871078423056,
      -1.1619640335124053,
      0.8309428960690806,
      1.0761503123060912
    ],
    [
      0.011616675840572833,
      -0.8604409995668424,
      -0.8944501930534222,
      -0.7412853094592542,
      -0.9495967574609498,
      -1.6112511428599867,
      -0.24825449486008605,
      0.6117939166197617
    ],
    [
      -0.6742668590369334,
      0.1174970559530205,
      0.7650531637340798,
      -0.5803448500074375,
      0.3827785886593833,
      0.09869979175901429,
      0.30789837425838484,
      -0.036433481974667496
    ]
  ],
  "_meta": {
    "category": "ML Generated",
    "description": "Generated variant 12 \u2014 algorithmic discovery"
  }
}
